-0.3071758,0.1213373,3.807894,2.4709284,-0.5965715,0,-0.4593083
-0.3158521,0.1104968,3.806688,2.4621878,-0.6637337,0.0099974,-0.4591628
-0.3242265,0.1002243,3.8054819,2.4529243,-0.7354096,0.0199947,-0.4590173
-0.3323187,0.0904888,3.8042758,2.4431441,-0.8108039,0.0299921,-0.4588718
-0.3401483,0.0812591,3.8030697,2.4328645,-0.888706,0.0399894,-0.4587263
-0.347735,0.072504,3.8018637,2.422116,-0.9674217,0.0499868,-0.4585808
-0.3550986,0.0641924,3.8006576,2.4109447,-1.0447225,0.0599841,-0.4584353
-0.3622587,0.056293,3.7994515,2.3994141,-1.1178291,0.0699815,-0.4582898
-0.369235,0.0487748,3.7982454,2.3876069,-1.1834455,0.0799788,-0.4581443
-0.3760471,0.0416066,3.7970394,2.3756257,-1.2378599,0.0899762,-0.4579988
-0.3827148,0.0347571,3.7958333,2.3635927,-1.2771266,0.0999735,-0.4578533
-0.3892577,0.0281953,3.7946272,2.3516489,-1.2973305,0.1099709,-0.4577078
-0.3956955,0.02189,3.7934212,2.3399509,-1.294923,0.1199682,-0.4575623
-0.4020479,0.01581,3.7922151,2.3286668,-1.2671005,0.1299656,-0.4574168
-0.4083346,0.0099241,3.791009,2.3179705,-1.2121796,0.1399629,-0.4572713
-0.4145752,0.0042012,3.7898029,2.3080349,-1.1299101,0.1499603,-0.4571258
-0.4207895,-0.0013898,3.7885969,2.299024,-1.0216692,0.1599576,-0.4569803
-0.4269971,-0.0068802,3.7873908,2.2910857,-0.8904875,0.169955,-0.4568348
-0.4332176,-0.0123012,3.7861847,2.2843442,-0.7408878,0.1799523,-0.4566893
-0.4394709,-0.0176837,3.7849787,2.2788947,-0.5785466,0.1899497,-0.4565438
-0.4457765,-0.0230592,3.7837726,2.2747985,-0.4098223,0.199947,-0.4317021
-0.4527586,-0.0289679,3.7826318,2.2715097,-0.3503681,0.2099444,-0.4179777
-0.4601689,-0.035197,3.7815269,2.2681081,-0.3525988,0.2199417,-0.4178556
-0.4676713,-0.0414598,3.7804221,2.2646462,-0.3560813,0.2299391,-0.4177335
-0.4752587,-0.0477486,3.7793172,2.2611148,-0.3607999,0.2399364,-0.4176114
-0.482924,-0.054056,3.7782123,2.2575046,-0.3667565,0.2499338,-0.4174893
-0.4906602,-0.0603744,3.7771075,2.2538063,-0.3739687,0.2599312,-0.4173672
-0.49846,-0.0666963,3.7760026,2.25001,-0.3824701,0.2699285,-0.417245
-0.5063164,-0.0730141,3.7748978,2.2461056,-0.3923101,0.2799259,-0.4171229
-0.5142223,-0.0793202,3.7737929,2.2420826,-0.4035544,0.2899232,-0.4170008
-0.5221706,-0.0856072,3.772688,2.2379297,-0.4162856,0.2999206,-0.4168787
-0.530154,-0.0918674,3.7715832,2.2336351,-0.430605,0.3099179,-0.4167566
-0.5381656,-0.0980933,3.7704783,2.2291862,-0.4466337,0.3199153,-0.4166345
-0.5461983,-0.1042774,3.7693735,2.2245696,-0.4645152,0.3299126,-0.4165124
-0.5542448,-0.1104121,3.7682686,2.2197706,-0.4844181,0.33991,-0.4163903
-0.5622981,-0.1164898,3.7671637,2.2147735,-0.5065392,0.3499073,-0.4162682
-0.5703511,-0.1225031,3.7660589,2.2095614,-0.5311082,0.3599047,-0.4161461
-0.5783967,-0.1284443,3.764954,2.2041156,-0.5583922,0.369902,-0.416024
-0.5864277,-0.1343059,3.7638492,2.1984158,-0.5887024,0.3798994,-0.360596
-0.5947188,-0.1402827,3.7628912,2.1923707,-0.5905858,0.3898967,-0.3534975
-0.6030253,-0.1461949,3.7619519,2.1863664,-0.5869135,0.3998941,-0.3534092
-0.6113165,-0.1520219,3.7610126,2.180445,-0.5813902,0.4098914,-0.353321
-0.6195969,-0.1577691,3.7600733,2.1746205,-0.574006,0.4198888,-0.3532327
-0.6278713,-0.1634416,3.759134,2.1689068,-0.5647692,0.4298861,-0.3531445
-0.6361444,-0.1690446,3.7581947,2.1633174,-0.5537063,0.4398835,-0.3530562
-0.6444208,-0.1745836,3.7572554,2.1578655,-0.5408625,0.4498808,-0.352968
-0.6527053,-0.1800636,3.7563161,2.1525641,-0.5263007,0.4598782,-0.3528797
-0.6610025,-0.18549,3.7553768,2.1474252,-0.5101014,0.4698755,-0.3527915
-0.6693171,-0.1908681,3.7544375,2.1424606,-0.4923615,0.4798729,-0.3527032
-0.6776539,-0.1962029,3.7534982,2.1376812,-0.4731928,0.4898702,-0.352615
-0.6860174,-0.2014999,3.7525589,2.133097,-0.4527203,0.4998676,-0.3525267
-0.6944125,-0.2067643,3.7516197,2.1287172,-0.4310809,0.509865,-0.3524385
-0.7028437,-0.2120013,3.7506804,2.1245503,-0.4084206,0.5198623,-0.3523502
-0.7113159,-0.2172161,3.7497411,2.1206036,-0.3848928,0.5298597,-0.352262
-0.7198336,-0.2224141,3.7488018,2.1168834,-0.360656,0.539857,-0.3521737
-0.7284015,-0.2276005,3.7478625,2.1133951,-0.3358713,0.5498544,-0.2932126
-0.7367888,-0.2326392,3.7470802,2.1101574,-0.3295812,0.5598517,-0.2788615
-0.7451705,-0.2376379,3.7463361,2.1069487,-0.3280508,0.5698491,-0.2788061
-0.753602,-0.2426297,3.7455921,2.1037409,-0.3267441,0.5798464,-0.2787508
-0.7620821,-0.2476136,3.744848,2.1005325,-0.3256553,0.5898438,-0.2786954
-0.7706094,-0.2525885,3.7441039,2.097322,-0.324779,0.5998411,-0.27864
-0.7791826,-0.2575533,3.7433598,2.0941079,-0.3241106,0.6098385,-0.2785846
-0.7878005,-0.2625071,3.7426157,2.0908886,-0.3236457,0.6198358,-0.2785292
-0.7964617,-0.2674487,3.7418716,2.0876628,-0.3233807,0.6298332,-0.2784739
-0.805165,-0.2723772,3.7411275,2.0844289,-0.3233122,0.6398305,-0.2784185
-0.8139091,-0.2772913,3.7403835,2.0811855,-0.3234374,0.6498279,-0.2783631
-0.8226927,-0.2821902,3.7396394,2.0779311,-0.323754,0.6598252,-0.2783077
-0.8315144,-0.2870728,3.7388953,2.0746644,-0.3242599,0.6698226,-0.2782523
-0.8403731,-0.291938,3.7381512,2.0713838,-0.3249536,0.6798199,-0.2781969
-0.8492673,-0.2967847,3.7374071,2.068088,-0.3258339,0.6898173,-0.2781416
-0.8581959,-0.3016119,3.736663,2.0647756,-0.3269,0.6998146,-0.2780862
-0.8671575,-0.3064186,3.7359189,2.061445,-0.3281514,0.709812,-0.2780308
-0.8761507,-0.3112037,3.7351748,2.058095,-0.3295881,0.7198093,-0.2702689
-0.8851356,-0.3159457,3.7344514,2.0547388,-0.3306886,0.7298067,-0.2160459
-0.8938758,-0.3205216,3.733873,2.0514887,-0.3281952,0.7398041,-0.2160124
-0.9026433,-0.3250758,3.7332946,2.0482585,-0.3256897,0.7498014,-0.215979
-0.9114383,-0.3296083,3.7327161,2.0450485,-0.3231728,0.7597988,-0.2159455
-0.9202608,-0.3341194,3.7321377,2.0418588,-0.3206453,0.7697961,-0.215912
-0.9291109,-0.3386091,3.7315593,2.0386893,-0.3181078,0.7797935,-0.2158786
-0.9379886,-0.3430776,3.7309809,2.0355403,-0.3155611,0.7897908,-0.2158451
-0.9468941,-0.3475251,3.7304025,2.0324119,-0.3130059,0.7997882,-0.2158116
-0.9558274,-0.3519518,3.7298241,2.029304,-0.3104428,0.8097855,-0.2157782
-0.9647886,-0.3563577,3.7292457,2.0262168,-0.3078725,0.8197829,-0.2157447
-0.9737777,-0.3607431,3.7286673,2.0231504,-0.3052957,0.8297802,-0.2157112
-0.9827948,-0.3651081,3.7280888,2.0201049,-0.3027131,0.8397776,-0.2156778
-0.9918399,-0.3694528,3.7275104,2.0170803,-0.3001252,0.8497749,-0.2156443
-1.0009133,-0.3737775,3.726932,2.0140767,-0.2975328,0.8597723,-0.2156109
-1.0100148,-0.3780822,3.7263536,2.0110941,-0.2949364,0.8697696,-0.2155774
-1.0191446,-0.3823671,3.7257752,2.0081327,-0.2923367,0.879767,-0.2155439
-1.0283028,-0.3866324,3.7251968,2.0051925,-0.2897343,0.8897643,-0.2155105
-1.0374894,-0.3908783,3.7246184,2.0022735,-0.2871297,0.8997617,-0.215477
-1.0467044,-0.3951048,3.72404,1.9993757,-0.2845237,0.909759,-0.1718512
-1.0557312,-0.3992138,3.7235786,1.9965581,-0.2840646,0.9197564,-0.1617708
-1.0647348,-0.4032817,3.7231442,1.9937513,-0.2841379,0.9297537,-0.1617519
-1.0737647,-0.4073309,3.7227099,1.9909388,-0.2842514,0.9397511,-0.1617331
-1.0828205,-0.4113613,3.7222755,1.9881205,-0.2844048,0.9497484,-0.1617142
-1.0919021,-0.4153724,3.7218411,1.985296,-0.2845977,0.9597458,-0.1616953
-1.101009,-0.419364,3.7214068,1.9824651,-0.2848299,0.9697431,-0.1616764
-1.1101409,-0.4233357,3.7209724,1.9796274,-0.2851011,0.9797405,-0.1616576
-1.1192974,-0.4272873,3.7205381,1.9767826,-0.2854109,0.9897379,-0.1616387
-1.1284782,-0.4312183,3.7201037,1.9739305,-0.2857592,0.9997352,-0.1616198
-1.1376831,-0.4351286,3.7196693,1.9710707,-0.2861458,1.0097326,-0.161601
-1.1469115,-0.4390177,3.719235,1.968203,-0.2865705,1.0197299,-0.1615821
-1.1561633,-0.4428854,3.7188006,1.9653271,-0.2870329,1.0297273,-0.1615632
-1.1654381,-0.4467314,3.7183663,1.9624427,-0.2875331,1.0397246,-0.1615443
-1.1747355,-0.4505553,3.7179319,1.9595494,-0.2880708,1.049722,-0.1615255
-1.1840552,-0.4543568,3.7174975,1.956647,-0.2886459,1.0597193,-0.1615066
-1.1933968,-0.4581357,3.7170632,1.9537353,-0.2892582,1.0697167,-0.1614877
-1.2027601,-0.4618916,3.7166288,1.9508139,-0.2899077,1.079714,-0.1614689
-1.2121447,-0.4656242,3.7161945,1.9478825,-0.2905943,1.0897114,-0.16145
-1.2215502,-0.4693331,3.7157601,1.9449408,-0.2913178,1.0997087,-0.115682
-1.2308013,-0.47295,3.7154488,1.9420421,-0.2923619,1.1097061,-0.1136116
-1.240064,-0.4765404,3.7151431,1.9391323,-0.2934523,1.1197034,-0.1136022
-1.2493459,-0.4801072,3.7148374,1.9362087,-0.2945762,1.1297008,-0.1135929
-1.2586468,-0.48365,3.7145317,1.9332711,-0.2957337,1.1396981,-0.1135835
-1.2679663,-0.4871686,3.714226,1.9303193,-0.2969247,1.1496955,-0.1135742
-1.2773041,-0.4906625,3.7139203,1.9273528,-0.2981495,1.1596928,-0.1135648
-1.2866598,-0.4941314,3.7136146,1.9243716,-0.2994079,1.1696902,-0.1135555
-1.2960333,-0.4975751,3.7133089,1.9213753,-0.3007002,1.1796875,-0.1135461
-1.3054243,-0.5009932,3.7130031,1.9183636,-0.3020264,1.1896849,-0.1135368
-1.3148323,-0.5043854,3.7126974,1.9153363,-0.3033865,1.1996822,-0.1135274
-1.3242571,-0.5077513,3.7123917,1.9122931,-0.3047808,1.2096796,-0.1135181
-1.3336984,-0.5110907,3.712086,1.9092337,-0.3062094,1.2196769,-0.1135087
-1.3431559,-0.5144033,3.7117803,1.906158,-0.3076723,1.2296743,-0.1134994
-1.3526293,-0.5176886,3.7114746,1.9030655,-0.3091697,1.2396717,-0.11349
-1.3621182,-0.5209464,3.7111689,1.899956,-0.3107017,1.249669,-0.1134807
-1.3716225,-0.5241764,3.7108631,1.8968293,-0.3122685,1.2596664,-0.1134714
-1.3811418,-0.5273781,3.7105574,1.8936851,-0.3138702,1.2696637,-0.113462
-1.3906757,-0.5305514,3.7102517,1.8905231,-0.315507,1.2796611,-0.1134527
-1.400224,-0.5336959,3.709946,1.887343,-0.3171791,1.2896584,-0.0811428
-1.4097029,-0.5367842,3.7097273,1.8841692,-0.3197936,1.2996558,-0.0691001
-1.4191645,-0.5398336,3.7095411,1.8809756,-0.3227113,1.3096531,-0.0690966
-1.4286404,-0.5428541,3.7093549,1.8777517,-0.3255822,1.3196505,-0.0690932
-1.4381308,-0.5458453,3.7091687,1.8744979,-0.3284051,1.3296478,-0.0690897
-1.4476361,-0.5488071,3.7089825,1.8712144,-0.331179,1.3396452,-0.0690862
-1.4571565,-0.5517392,3.7087962,1.8679017,-0.3339029,1.3496425,-0.0690828
-1.4666924,-0.5546414,3.70861,1.8645601,-0.3365757,1.3596399,-0.0690793
-1.4762442,-0.5575135,3.7084238,1.8611899,-0.3391965,1.3696372,-0.0690758
-1.485812,-0.5603551,3.7082376,1.8577915,-0.3417642,1.3796346,-0.0690724
-1.4953964,-0.563166,3.7080513,1.8543654,-0.3442779,1.3896319,-0.0690689
-1.5049975,-0.565946,3.7078651,1.8509118,-0.3467367,1.3996293,-0.0690654
-1.5146157,-0.5686949,3.7076789,1.8474312,-0.3491395,1.4096266,-0.069062
-1.5242513,-0.5714124,3.7074927,1.843924,-0.3514856,1.419624,-0.0690585
-1.5339047,-0.5740982,3.7073064,1.8403906,-0.353774,1.4296213,-0.069055
-1.5435761,-0.5767521,3.7071202,1.8368314,-0.3560038,1.4396187,-0.0690516
-1.5532659,-0.5793739,3.706934,1.8332468,-0.3581742,1.449616,-0.0690481
-1.5629744,-0.5819633,3.7067478,1.8296372,-0.3602845,1.4596134,-0.0690446
-1.5727019,-0.5845201,3.7065616,1.8260032,-0.3623337,1.4696107,-0.0690411
-1.5824488,-0.5870439,3.7063753,1.822345,-0.3643212,1.4796081,-0.0576306
-1.5921604,-0.5895208,3.7062199,1.8186823,-0.3674657,1.4896055,-0.0262744
-1.6017406,-0.5919269,3.706149,1.8150208,-0.3738902,1.4996028,-0.0262739
-1.6113404,-0.5943002,3.7060781,1.811292,-0.3802362,1.5096002,-0.0262734
-1.62096,-0.59664,3.7060073,1.8074966,-0.3865014,1.5195975,-0.0262729
-1.6305998,-0.5989457,3.7059364,1.803635,-0.3926836,1.5295949,-0.0262724
-1.6402601,-0.6012166,3.7058655,1.7997078,-0.3987803,1.5395922,-0.0262719
-1.6499414,-0.603452,3.7057946,1.7957156,-0.4047893,1.5495896,-0.0262714
-1.6596439,-0.6056512,3.7057238,1.791659,-0.4107082,1.5595869,-0.0262709
-1.669368,-0.6078135,3.7056529,1.7875385,-0.4165346,1.5695843,-0.0262704
-1.679114,-0.6099383,3.705582,1.7833549,-0.4222661,1.5795816,-0.0262699
-1.6888824,-0.6120248,3.7055111,1.7791088,-0.4279003,1.589579,-0.0262694
-1.6986733,-0.6140725,3.7054403,1.7748008,-0.4334348,1.5995763,-0.0262689
-1.7084873,-0.6160805,3.7053694,1.7704317,-0.4388672,1.6095737,-0.0262684
-1.7183246,-0.6180483,3.7052985,1.7660021,-0.4441951,1.619571,-0.0262679
-1.7281856,-0.6199751,3.7052276,1.7615127,-0.4494161,1.6295684,-0.0262674
-1.7380706,-0.6218602,3.7051568,1.7569643,-0.4545279,1.6395657,-0.0262669
-1.74798,-0.6237031,3.7050859,1.7523577,-0.4595281,1.6495631,-0.0262664
-1.7579142,-0.6255029,3.705015,1.7476936,-0.4644143,1.6595604,-0.0262659
-1.7678734,-0.6272591,3.7049441,1.7429728,-0.4691843,1.6695578,-0.0262654
-1.7778581,-0.6289709,3.7048733,1.7381961,-0.4738357,1.6795551,-0.010579
-1.7877799,-0.6306231,3.7048447,1.733408,-0.4779997,1.6895525,0.0142998
-1.7975858,-0.6322079,3.7048833,1.7286417,-0.4817233,1.6995498,0.0143
-1.8074143,-0.6337481,3.7049219,1.7238297,-0.4857056,1.7095472,0.0143001
-1.8172639,-0.6352428,3.7049605,1.71897,-0.489949,1.7195445,0.0143003
-1.827133,-0.6366912,3.7049991,1.7140606,-0.4944562,1.7295419,0.0143004
-1.8370201,-0.6380925,3.7050377,1.7090993,-0.4992304,1.7395393,0.0143006
-1.8469236,-0.6394457,3.7050762,1.7040843,-0.504275,1.7495366,0.0143007
-1.8568419,-0.6407501,3.7051148,1.6990133,-0.5095942,1.759534,0.0143009
-1.8667736,-0.6420046,3.7051534,1.6938841,-0.5151921,1.7695313,0.014301
-1.8767169,-0.6432086,3.705192,1.6886948,-0.5210735,1.7795287,0.0143012
-1.8866704,-0.6443612,3.7052306,1.6834429,-0.5272437,1.789526,0.0143013
-1.8966325,-0.6454614,3.7052692,1.6781264,-0.533708,1.7995234,0.0143015
-1.9066017,-0.6465084,3.7053078,1.6727429,-0.5404725,1.8095207,0.0143016
-1.9165763,-0.6475014,3.7053463,1.66729,-0.5475434,1.8195181,0.0143018
-1.9265548,-0.6484395,3.7053849,1.6617655,-0.5549276,1.8295154,0.0143019
-1.9365357,-0.6493219,3.7054235,1.6561669,-0.5626322,1.8395128,0.0143021
-1.9465174,-0.6501476,3.7054621,1.6504918,-0.5706648,1.8495101,0.0143022
-1.9564983,-0.6509159,3.7055007,1.6447376,-0.5790333,1.8595075,0.0143024
-1.9664768,-0.6516259,3.7055393,1.6389017,-0.5877462,1.8695048,0.0143025
-1.9764515,-0.6522767,3.7055779,1.6329817,-0.5968123,1.8795022,0.0160144
-1.9864259,-0.6528678,3.7056211,1.6269716,-0.6059643,1.8894995,0.0553642
-1.9965136,-0.653404,3.7057704,1.6208351,-0.6089635,1.8994969,0.0553665
-2.0065936,-0.6538777,3.7059198,1.6146746,-0.6120154,1.9094942,0.0553687
-2.0166656,-0.6542888,3.7060692,1.6084896,-0.61512,1.9194916,0.0553709
-2.0267292,-0.654637,3.7062185,1.6022798,-0.6182771,1.9294889,0.0553732
-2.0367838,-0.6549224,3.7063679,1.5960446,-0.6214867,1.9394863,0.0553754
-2.0468291,-0.6551446,3.7065173,1.5897837,-0.6247487,1.9494836,0.0553776
-2.0568646,-0.6553036,3.7066666,1.5834967,-0.6280628,1.959481,0.0553799
-2.0668899,-0.6553994,3.706816,1.577183,-0.6314291,1.9694784,0.0553821
-2.0769045,-0.6554316,3.7069654,1.5708424,-0.6348472,1.9794757,0.0553843
-2.086908,-0.6554002,3.7071147,1.5644744,-0.638317,1.9894731,0.0553866
-2.0968999,-0.6553051,3.7072641,1.5580785,-0.6418382,1.9994704,0.0553888
-2.1068798,-0.6551462,3.7074134,1.5516544,-0.6454105,2.0094678,0.055391
-2.1168473,-0.6549232,3.7075628,1.5452016,-0.6490337,2.0194651,0.0553933
-2.1268019,-0.6546361,3.7077122,1.5387198,-0.6527074,2.0294625,0.0553955
-2.1367432,-0.6542847,3.7078615,1.5322085,-0.6564312,2.0394598,0.0553977
-2.1466708,-0.653869,3.7080109,1.5256673,-0.6602048,2.0494572,0.0553999
-2.1565841,-0.6533887,3.7081603,1.5190959,-0.6640277,2.0594545,0.0554022
-2.1664829,-0.6528437,3.7083096,1.5124937,-0.6678995,2.0694519,0.0554044
-2.1763665,-0.652234,3.708459,1.5058605,-0.6718196,2.0794492,0.0554066
-2.1862346,-0.6515593,3.7086083,1.4991959,-0.6757874,2.0894466,0.0964489
-2.1962332,-0.650808,3.7088683,1.4923854,-0.6827756,2.0994439,0.0986448
-2.2062237,-0.6499885,3.7091342,1.4855063,-0.6897049,2.1094413,0.0986519
-2.2161988,-0.6491008,3.7094001,1.4785656,-0.6964002,2.1194386,0.098659
-2.226159,-0.6481444,3.709666,1.4715648,-0.7028517,2.129436,0.0986661
-2.236105,-0.6471188,3.7099319,1.464506,-0.70905,2.1394333,0.0986731
-2.2460372,-0.6460234,3.7101978,1.457391,-0.7149858,2.1494307,0.0986802
-2.2559563,-0.6448577,3.7104637,1.4502216,-0.7206503,2.159428,0.0986873
-2.2658628,-0.6436212,3.7107296,1.443,-0.7260349,2.1694254,0.0986943
-2.2757572,-0.6423132,3.7109955,1.4357281,-0.7311313,2.1794227,0.0987014
-2.2856401,-0.6409333,3.7112614,1.4284081,-0.7359318,2.1894201,0.0987085
-2.2955121,-0.639481,3.7115272,1.4210421,-0.740429,2.1994174,0.0987156
-2.3053738,-0.6379557,3.7117931,1.4136322,-0.7446159,2.2094148,0.0987226
-2.3152256,-0.6363569,3.712059,1.4061808,-0.7484861,2.2194122,0.0987297
-2.3250682,-0.6346839,3.7123249,1.3986902,-0.7520336,2.2294095,0.0987368
-2.334902,-0.6329364,3.7125908,1.3911625,-0.7552529,2.2394069,0.0987438
-2.3447278,-0.6311138,3.7128567,1.3836003,-0.7581392,2.2494042,0.0987509
-2.3545459,-0.6292155,3.7131226,1.3760059,-0.7606881,2.2594016,0.098758
-2.3643571,-0.6272409,3.7133885,1.3683816,-0.7628959,2.2693989,0.0987651
-2.3741618,-0.6251897,3.7136544,1.3607301,-0.7647595,2.2793963,0.1101411
-2.3839255,-0.6230689,3.7139509,1.3530801,-0.7675281,2.2893936,0.1669599
-2.3935091,-0.6209107,3.7144003,1.3454973,-0.7762291,2.299391,0.1669801
-2.4030876,-0.6186767,3.7148497,1.3378211,-0.7846177,2.3093883,0.1670003
-2.4126612,-0.6163658,3.7152991,1.3300537,-0.7926827,2.3193857,0.1670205
-2.42223,-0.6139768,3.7157485,1.3221975,-0.8004132,2.329383,0.1670407
-2.4317941,-0.6115086,3.7161979,1.3142546,-0.8077983,2.3393804,0.1670609
-2.4413536,-0.6089599,3.7166473,1.3062276,-0.8148277,2.3493777,0.1670811
-2.4509088,-0.6063296,3.7170967,1.2981188,-0.8214914,2.3593751,0.1671013
-2.4604596,-0.6036167,3.7175461,1.2899309,-0.8277799,2.3693724,0.1671215
-2.4700063,-0.6008198,3.7179955,1.2816665,-0.8336841,2.3793698,0.1671418
-2.479549,-0.5979379,3.7184449,1.2733282,-0.8391955,2.3893671,0.167162
-2.4890877,-0.5949697,3.7188943,1.2649189,-0.8443059,2.3993645,0.1671822
-2.4986227,-0.5919142,3.7193437,1.2564413,-0.8490082,2.4093618,0.1672024
-2.508154,-0.5887702,3.7197931,1.2478983,-0.8532954,2.4193592,0.1672226
-2.5176818,-0.5855365,3.7202425,1.239293,-0.8571615,2.4293565,0.1672428
-2.5272062,-0.582212,3.7206919,1.2306282,-0.860601,2.4393539,0.167263
-2.5367273,-0.5787954,3.7211413,1.2219071,-0.8636094,2.4493512,0.1672832
-2.5462453,-0.5752858,3.7215907,1.2131328,-0.8661826,2.4593486,0.1673034
-2.5557603,-0.5716817,3.7220401,1.2043084,-0.8683177,2.469346,0.1673236
-2.5652724,-0.5679823,3.7224895,1.1954372,-0.8700121,2.4793433,0.1673438
-2.5747818,-0.5641861,3.7229389,1.1865222,-0.8712645,2.4893407,0.3997551
-2.583675,-0.5605464,3.7240122,1.1781028,-0.8814905,2.499338,0.4118449
-2.5925343,-0.5568326,3.7251177,1.1695859,-0.8916045,2.5093354,0.4119671
-2.601391,-0.5530302,3.7262231,1.1609459,-0.9011039,2.5193327,0.4120893
-2.6102451,-0.5491374,3.7273286,1.1521869,-0.9099758,2.5293301,0.4122116
-2.6190964,-0.5451524,3.7284341,1.1433132,-0.9182082,2.5393274,0.4123338
-2.6279448,-0.5410732,3.7295395,1.1343292,-0.9257901,2.5493248,0.4124561
-2.6367902,-0.5368981,3.730645,1.1252393,-0.9327117,2.5593221,0.4125783
-2.6456325,-0.5326252,3.7317504,1.1160483,-0.9389641,2.5693195,0.4127005
-2.6544715,-0.5282526,3.7328559,1.1067607,-0.9445402,2.5793168,0.4128228
-2.6633071,-0.5237787,3.7339614,1.0973814,-0.9494337,2.5893142,0.412945
-2.6721391,-0.5192014,3.7350668,1.0879152,-0.9536401,2.5993115,0.4130672
-2.6809675,-0.514519,3.7361723,1.078367,-0.9571562,2.6093089,0.4131895
-2.6897922,-0.5097297,3.7372777,1.0687419,-0.9599801,2.6193062,0.4133117
-2.6986129,-0.5048316,3.7383832,1.0590448,-0.9621117,2.6293036,0.4134339
-2.7074296,-0.4998228,3.7394887,1.0492809,-0.9635524,2.6393009,0.4135562
-2.7162422,-0.4947016,3.7405941,1.0394554,-0.964305,2.6492983,0.4136784
-2.7250505,-0.489466,3.7416996,1.0295733,-0.964374,2.6592956,0.4138007
-2.7338544,-0.4841143,3.742805,1.01964,-0.9637654,2.669293,0.4139229
-2.7426538,-0.4786447,3.7439105,1.0096607,-0.962487,2.6792903,0.4140451
-2.7514485,-0.4730552,3.745016,0.9996405,-0.9605477,2.6892877,0.4141674
-2.7602385,-0.4673441,3.7461214,0.9895846,-0.9579583,2.699285,0.4980991
-2.7687377,-0.4617014,3.7474505,0.9798209,-0.9598966,2.7092824,0.7324972
-2.7764337,-0.4564874,3.7494041,0.9708243,-0.9755391,2.7192798,0.7328789
-2.7841241,-0.4511745,3.7513577,0.9616358,-0.9903923,2.7292771,0.7332607
-2.7918073,-0.4457606,3.7533114,0.9522602,-1.0044447,2.7392745,0.7336425
-2.7994819,-0.4402432,3.755265,0.9427028,-1.0176848,2.7492718,0.7340242
-2.8071465,-0.4346201,3.7572186,0.9329689,-1.0301011,2.7592692,0.734406
-2.8147997,-0.428889,3.7591722,0.9230638,-1.0416824,2.7692665,0.7347878
-2.8224398,-0.4230476,3.7611259,0.9129931,-1.0524181,2.7792639,0.7351695
-2.8300656,-0.4170935,3.7630795,0.9027625,-1.0622978,2.7892612,0.7355513
-2.8376756,-0.4110245,3.7650331,0.8923778,-1.0713122,2.7992586,0.7359331
-2.8452682,-0.4048384,3.7669868,0.881845,-1.0794526,2.8092559,0.7363149
-2.8528421,-0.3985326,3.7689404,0.8711702,-1.0867117,2.8192533,0.7366966
-2.8603957,-0.3921051,3.770894,0.8603595,-1.0930832,2.8292506,0.7370784
-2.8679277,-0.3855535,3.7728476,0.8494194,-1.0985621,2.839248,0.7374602
-2.8754366,-0.3788754,3.7748013,0.8383562,-1.103145,2.8492453,0.7378419
-2.8829209,-0.3720686,3.7767549,0.8271766,-1.1068301,2.8592427,0.7382237
-2.8903791,-0.3651308,3.7787085,0.8158871,-1.1096172,2.86924,0.7386055
-2.8978099,-0.3580596,3.7806621,0.8044946,-1.111508,2.8792374,0.7389872
-2.9052117,-0.3508529,3.7826158,0.7930059,-1.1125061,2.8892347,0.739369
-2.9125832,-0.3435082,3.7845694,0.7814279,-1.1126169,2.8992321,0.7397508
-2.9199228,-0.3360233,3.786523,0.7697675,-1.1118481,2.9092294,0.7401325
-2.9272291,-0.3283959,3.7884767,0.7580318,-1.1102092,2.9192268,0.7405143
-2.9345006,-0.3206236,3.7904303,0.7462279,-1.1077117,2.9292241,0.7408961
-2.941736,-0.3127042,3.7923839,0.7343627,-1.1043693,2.9392215,0.7412778
-2.9489336,-0.3046355,3.7943375,0.7224434,-1.1001977,2.9492188,0.8334797
-2.9555216,-0.2970775,3.796533,0.7114272,-1.0988751,2.9592162,0.9182486
-2.9615531,-0.2900078,3.7989502,0.701205,-1.1011806,2.9692136,0.9188331
-2.9675512,-0.2828292,3.8013674,0.6908908,-1.104067,2.9792109,0.9194176
-2.9735127,-0.2755424,3.8037847,0.6804804,-1.1075048,2.9892083,0.920002
-2.9794343,-0.2681477,3.8062019,0.66997,-1.1114657,2.9992056,0.9205865
-2.9853129,-0.2606457,3.8086192,0.6593559,-1.1159224,3.009203,0.9211709
-2.9911453,-0.253037,3.8110364,0.6486343,-1.1208485,3.0192003,0.9217554
-2.9969282,-0.2453219,3.8134536,0.6378017,-1.1262185,3.0291977,0.9223399
-3.0026585,-0.2375011,3.8158709,0.6268547,-1.1320074,3.039195,0.9229243
-3.0083329,-0.229575,3.8182881,0.6157901,-1.1381906,3.0491924,0.9235088
-3.0139482,-0.2215442,3.8207054,0.6046047,-1.1447435,3.0591897,0.9240932
-3.0195013,-0.2134091,3.8231226,0.5932955,-1.1516421,3.0691871,0.9246777
-3.0249889,-0.2051702,3.8255399,0.5818597,-1.1588618,3.0791844,0.9252622
-3.0304078,-0.196828,3.8279571,0.5702945,-1.1663785,3.0891818,0.9258466
-3.0357549,-0.1883832,3.8303743,0.5585973,-1.1741672,3.0991791,0.9264311
-3.0410268,-0.1798361,3.8327916,0.5467658,-1.1822031,3.1091765,0.9270155
-3.0462205,-0.1711872,3.8352088,0.5347976,-1.1904606,3.1191738,0.9276
-3.0513326,-0.1624371,3.8376261,0.5226907,-1.1989137,3.1291712,0.9281845
-3.0563601,-0.1535863,3.8400433,0.5104431,-1.2075359,3.1391685,0.9287689
-3.0612996,-0.1446353,3.8424605,0.4980531,-1.2162998,3.1491659,0.9293534
-3.0661481,-0.1355845,3.8448778,0.485519,-1.2251775,3.1591632,0.9299378
-3.0709022,-0.1264346,3.847295,0.4728395,-1.2341401,3.1691606,0.9305223
-3.0755588,-0.1171859,3.8497123,0.4600135,-1.2431581,3.1791579,0.9311068
-3.0801146,-0.1078391,3.8521295,0.4470399,-1.252201,3.1891553,0.9316912
-3.0845666,-0.0983945,3.8545467,0.4339181,-1.2612375,3.1991527,0.9322757
-3.0889114,-0.0888528,3.856964,0.4206475,-1.2702355,3.20915,0.9328601
-3.0931458,-0.0792143,3.8593812,0.4072278,-1.2791621,3.2191474,0.9334446
-3.0972667,-0.0694797,3.8617985,0.393659,-1.2879833,3.2291447,0.9340291
-3.1012709,-0.0596495,3.8642157,0.3799413,-1.2966646,3.2391421,0.9612664
-3.1050518,-0.0499932,3.8667019,0.3664617,-1.2980411,3.2491394,1.0233667
-3.1084859,-0.0408741,3.8693469,0.3538838,-1.2837982,3.2591368,1.0240665
-3.1118172,-0.0316805,3.8719919,0.3413942,-1.2708807,3.2691341,1.0247662
-3.1150444,-0.0224153,3.8746369,0.3289835,-1.2592499,3.2791315,1.025466
-3.1181666,-0.0130817,3.8772819,0.3166421,-1.2488699,3.2891288,1.0261658
-3.1211824,-0.0036829,3.8799269,0.3043608,-1.2397078,3.2991262,1.0268656
-3.1240908,0.0057782,3.8825719,0.2921305,-1.2317334,3.3091235,1.0275654
-3.1268907,0.0152984,3.8852169,0.2799423,-1.224919,3.3191209,1.0282652
-3.1295808,0.0248746,3.8878619,0.2677873,-1.2192397,3.3291182,1.028965
-3.1321601,0.0345037,3.8905069,0.2556568,-1.2146728,3.3391156,1.0296648
-3.1346273,0.0441826,3.8931519,0.2435424,-1.2111981,3.3491129,1.0303646
-3.1369815,0.0539082,3.8957969,0.2314354,-1.2087978,3.3591103,1.0310644
-3.1392213,0.0636774,3.898442,0.2193276,-1.2074559,3.3691076,1.0317642
-3.1413457,0.073487,3.901087,0.2072105,-1.2071588,3.379105,1.032464
-3.1433535,0.0833341,3.903732,0.195076,-1.2078947,3.3891023,1.0331638
-3.1452436,0.0932155,3.906377,0.1829159,-1.2096538,3.3990997,1.0338635
-3.1470149,0.103128,3.909022,0.170722,-1.2124281,3.409097,1.0345633
-3.1486661,0.1130687,3.911667,0.1584863,-1.2162112,3.4190944,1.0352631
-3.1501962,0.1230343,3.914312,0.1462006,-1.2209984,3.4290917,1.0359629
-3.151604,0.1330218,3.916957,0.1338569,-1.2267865,3.4390891,1.0366627
-3.1528884,0.1430281,3.919602,0.1214471,-1.2335738,3.4490865,1.0373625
-3.1540482,0.1530501,3.922247,0.1089632,-1.2413597,3.4590838,1.0380623
-3.1550822,0.1630847,3.924892,0.0963972,-1.2501451,3.4690812,1.0387621
-3.1559894,0.1731287,3.927537,0.083741,-1.2599318,3.4790785,1.0394619
-3.1567686,0.1831791,3.9301821,0.0709865,-1.2707226,3.4890759,1.0401617
-3.1574186,0.1932328,3.9328271,0.0581257,-1.2825214,3.4990732,1.0408615
-3.1579384,0.2032867,3.9354721,0.0451505,-1.2953324,3.5090706,1.0415613
-3.1583267,0.2133376,3.9381171,0.0320527,-1.3091606,3.5190679,1.0422611
-3.1585824,0.2233825,3.9407621,0.0188242,-1.3240115,3.5290653,1.0429608
-3.1587044,0.2334183,3.9434071,0.0054569,-1.3398906,3.5390626,1.0436606
-3.1586915,0.2434418,3.9460521,-0.0080576,-1.3568035,3.54906,1.0443604
-3.1585426,0.25345,3.9486971,-0.0217273,-1.3747556,3.5590573,1.059043
-3.158253,0.2635376,3.9513775,-0.0356883,-1.3864389,3.5690547,1.1089377
-3.1578063,0.2739462,3.9541822,-0.0500627,-1.3730918,3.579052,1.1097245
-3.157212,0.2843289,3.9569869,-0.0642752,-1.3602006,3.5890494,1.1105114
-3.1564724,0.2946832,3.9597917,-0.0783303,-1.3477967,3.5990467,1.1112982
-3.1555897,0.3050063,3.9625964,-0.0922326,-1.3359098,3.6090441,1.1120851
-3.1545665,0.3152958,3.9654011,-0.1059873,-1.3245685,3.6190414,1.1128719
-3.153405,0.3255491,3.9682058,-0.1195993,-1.3137998,3.6290388,1.1136588
-3.1521075,0.3357634,3.9710105,-0.133074,-1.30363,3.6390361,1.1144457
-3.1506765,0.3459364,3.9738153,-0.1464169,-1.2940846,3.6490335,1.1152325
-3.1491142,0.3560653,3.97662,-0.1596335,-1.2851883,3.6590308,1.1160194
-3.1474231,0.3661475,3.9794247,-0.1727296,-1.2769656,3.6690282,1.1168062
-3.1456054,0.3761806,3.9822294,-0.1857112,-1.2694408,3.6790255,1.1175931
-3.1436635,0.3861619,3.9850341,-0.1985843,-1.262638,3.6890229,1.1183799
-3.1415997,0.3960887,3.9878389,-0.2113551,-1.2565816,3.6990203,1.1191668
-3.1394165,0.4059586,3.9906436,-0.22403,-1.2512967,3.7090176,1.1199536
-3.1371161,0.4157689,3.9934483,-0.2366153,-1.2468086,3.719015,1.1207405
-3.1347009,0.4255171,3.996253,-0.2491179,-1.2431437,3.7290123,1.1215273
-3.1321732,0.4352005,3.9990577,-0.2615444,-1.2403296,3.7390097,1.1223142
-3.1295354,0.4448165,4.0018625,-0.2739017,-1.2383949,3.749007,1.123101
-3.1267899,0.4543626,4.0046672,-0.286197,-1.2373699,3.7590044,1.1238879
-3.1239389,0.4638362,4.0074719,-0.2984376,-1.237287,3.7690017,1.1246748
-3.1209849,0.4732347,4.0102766,-0.3106307,-1.2381801,3.7789991,1.1254616
-3.1179301,0.4825555,4.0130813,-0.3227841,-1.2400861,3.7889964,1.1262485
-3.114777,0.4917959,4.0158861,-0.3349054,-1.243044,3.7989938,1.1270353
-3.1115278,0.5009535,4.0186908,-0.3470028,-1.2470962,3.8089911,1.1278222
-3.108185,0.5100256,4.0214955,-0.3590845,-1.2522881,3.8189885,1.128609
-3.1047508,0.5190096,4.0243002,-0.3711588,-1.2586689,3.8289858,1.1293959
-3.1012276,0.527903,4.0271049,-0.3832345,-1.2662919,3.8389832,1.1301827
-3.0976177,0.5367032,4.0299097,-0.3953205,-1.2752147,3.8489805,1.1309696
-3.0939236,0.5454074,4.0327144,-0.4074262,-1.2855001,3.8589779,1.1317564
-3.0901475,0.5540133,4.0355191,-0.419561,-1.297216,3.8689752,1.1585769
-3.0859345,0.5632926,4.0383883,-0.4328273,-1.3021726,3.8789726,1.1855253
-3.0812633,0.5732158,4.0413221,-0.4470911,-1.2987676,3.8889699,1.1863862
-3.0764884,0.5829967,4.0442559,-0.4612061,-1.2947715,3.8989673,1.1872472
-3.071614,0.5926359,4.0471897,-0.4751677,-1.2902138,3.9089646,1.1881081
-3.066644,0.6021341,4.0501235,-0.488972,-1.2851245,3.918962,1.1889691
-3.0615828,0.611492,4.0530572,-0.5026151,-1.2795342,3.9289593,1.18983
-3.0564343,0.6207101,4.055991,-0.5160936,-1.2734736,3.9389567,1.190691
-3.0512026,0.6297893,4.0589248,-0.5294042,-1.2669734,3.9489541,1.1915519
-3.045892,0.63873,4.0618586,-0.5425441,-1.2600641,3.9589514,1.1924128
-3.0405065,0.6475331,4.0647924,-0.5555105,-1.2527761,3.9689488,1.1932738
-3.0350503,0.6561991,4.0677262,-0.568301,-1.2451388,3.9789461,1.1941347
-3.0295274,0.6647287,4.07066,-0.5809135,-1.2371814,3.9889435,1.1949957
-3.0239419,0.6731226,4.0735938,-0.593346,-1.2289322,3.9989408,1.1958566
-3.0182981,0.6813814,4.0765276,-0.6055969,-1.2204183,4.0089382,1.1967176
-3.0125999,0.6895058,4.0794614,-0.6176646,-1.211666,4.0189355,1.1975785
-3.0068516,0.6974965,4.0823952,-0.6295478,-1.2027003,4.0289329,1.1984395
-3.0010572,0.7053542,4.085329,-0.6412454,-1.1935452,4.0389302,1.1993004
-2.9952208,0.7130794,4.0882628,-0.6527565,-1.1842228,4.0489276,1.2001613
-2.9893466,0.7206728,4.0911966,-0.6640802,-1.1747542,4.0589249,1.2010223
-2.9834387,0.7281352,4.0941304,-0.6752159,-1.1651586,4.0689223,1.2018832
-2.9775012,0.7354671,4.0970642,-0.6861631,-1.1554538,4.0789196,1.2027442
-2.9715382,0.7426693,4.099998,-0.6969213,-1.1456556,4.088917,1.2036051
-2.9655539,0.7497423,4.1029318,-0.7074903,-1.1357782,4.0989143,1.2044661
-2.9595523,0.7566869,4.1058656,-0.7178697,-1.1258336,4.1089117,1.205327
-2.9535375,0.7635037,4.1087994,-0.7280593,-1.1158317,4.118909,1.206188
-2.9475137,0.7701934,4.1117332,-0.7380591,-1.1057805,4.1289064,1.2067366
-2.9406175,0.7776905,4.1146662,-0.7492924,-1.1033467,4.1389037,1.207333
-2.9329851,0.7857945,4.1175986,-0.7615926,-1.1061904,4.1489011,1.2081931
-2.9253514,0.7937037,4.120531,-0.7737604,-1.1074367,4.1588984,1.2090533
-2.9177188,0.8014227,4.1234634,-0.7857814,-1.1070188,4.1688958,1.2099134
-2.9100897,0.808956,4.1263958,-0.7976407,-1.1048716,4.1788931,1.2107735
-2.9024663,0.8163085,4.1293282,-0.8093235,-1.100932,4.1888905,1.2116336
-2.8948511,0.8234846,4.1322606,-0.8208147,-1.0951385,4.1988879,1.2124938
-2.8872464,0.8304891,4.135193,-0.8320993,-1.0874313,4.2088852,1.2133539
-2.8796544,0.8373266,4.1381254,-0.8431621,-1.0777517,4.2188826,1.214214
-2.8720776,0.8440017,4.1410578,-0.8539878,-1.0660422,4.2288799,1.2150741
-2.8645182,0.850519,4.1439902,-0.864561,-1.0522458,4.2388773,1.2159342
-2.8569787,0.8568833,4.1469226,-0.8748664,-1.0363059,4.2488746,1.2167944
-2.8494613,0.8630991,4.149855,-0.8848885,-1.0181655,4.258872,1.2176545
-2.8419684,0.8691711,4.1527874,-0.8946117,-0.9977669,4.2688693,1.2185146
-2.8345023,0.8751039,4.1557198,-0.9040204,-0.975051,4.2788667,1.2193747
-2.8270654,0.8809022,4.1586522,-0.9130992,-0.9499568,4.288864,1.2202349
-2.81966,0.8865706,4.1615846,-0.9218321,-0.9224204,4.2988614,1.221095
-2.8122884,0.8921138,4.164517,-0.9302034,-0.8923745,4.3088587,1.2219551
-2.804953,0.8975363,4.1674494,-0.9381972,-0.8597476,4.3188561,1.2228152
-2.7976561,0.9028429,4.1703818,-0.9457973,-0.8244632,4.3288534,1.2194886
-2.7903526,0.9080718,4.1733041,-0.9530337,-0.7877808,4.3388508,1.0798919
-2.7815126,0.9142963,4.1758903,-0.9615845,-0.7936674,4.3488481,1.0805609
-2.7727338,0.9203665,4.1784764,-0.9700772,-0.7973834,4.3588455,1.0812299
-2.7640125,0.9262885,4.1810625,-0.9784926,-0.7987832,4.3688428,1.0818989
-2.7553452,0.9320685,4.1836487,-0.9868109,-0.7977334,4.3788402,1.0825679
-2.7467281,0.9377127,4.1862348,-0.995012,-0.7941153,4.3888375,1.0832369
-2.7381578,0.9432271,4.1888209,-1.0030753,-0.787827,4.3988349,1.0839058
-2.7296306,0.948618,4.191407,-1.01098,-0.7787864,4.4088322,1.0845748
-2.721143,0.9538915,4.1939932,-1.0187053,-0.7669326,4.4188296,1.0852438
-2.7126912,0.9590537,4.1965793,-1.0262303,-0.7522284,4.428827,1.0859128
-2.7042718,0.9641109,4.1991654,-1.0335345,-0.7346616,4.4388243,1.0865818
-2.6958811,0.9690691,4.2017516,-1.0405976,-0.7142457,4.4488217,1.0872508
-2.6875155,0.9739345,4.2043377,-1.0473998,-0.6910213,4.458819,1.0879198
-2.6791714,0.9787133,4.2069238,-1.0539219,-0.6650561,4.4688164,1.0885887
-2.6708452,0.9834116,4.20951,-1.0601455,-0.6364447,4.4788137,1.0892577
-2.6625333,0.9880356,4.2120961,-1.066053,-0.6053077,4.4888111,1.0899267
-2.6542321,0.9925914,4.2146822,-1.071628,-0.5717911,4.4988084,0.989483
-2.6457271,0.9971986,4.2170287,-1.0769987,-0.5450786,4.5088058,0.7555563
-2.6367384,1.002005,4.2188195,-1.0825202,-0.5382235,4.5188031,0.7558771
-2.6277544,1.0067458,4.2206103,-1.0879507,-0.5309104,4.5288005,0.7561979
-2.6187746,1.0114227,4.2224011,-1.0932872,-0.5231452,4.5387978,0.7565187
-2.6097985,1.0160375,4.224192,-1.0985262,-0.5149346,4.5487952,0.7568395
-2.6008257,1.020592,4.2259828,-1.1036646,-0.5062863,4.5587925,0.7571603
-2.5918555,1.0250879,4.2277736,-1.1086995,-0.4972087,4.5687899,0.7574811
-2.5828874,1.0295269,4.2295644,-1.1136276,-0.4877112,4.5787872,0.7578019
-2.573921,1.0339108,4.2313553,-1.1184463,-0.4778038,4.5887846,0.7581226
-2.5649558,1.0382413,4.2331461,-1.1231525,-0.4674973,4.5987819,0.7584434
-2.5559913,1.0425203,4.2349369,-1.1277436,-0.4568032,4.6087793,0.7587642
-2.5470268,1.0467494,4.2367277,-1.1322168,-0.4457338,4.6187766,0.759085
-2.538062,1.0509305,4.2385186,-1.1365698,-0.4343018,4.628774,0.7594058
-2.5290963,1.0550652,4.2403094,-1.1407998,-0.4225207,4.6387713,0.7597266
-2.5201292,1.0591553,4.2421002,-1.1449047,-0.4104044,4.6487687,0.7600474
-2.5111602,1.0632025,4.243891,-1.1488821,-0.3979674,4.658766,0.519771
-2.5020066,1.0672896,4.2451153,-1.1528327,-0.3908863,4.6687634,0.4857348
-2.4928237,1.0713465,4.2462591,-1.1567243,-0.3843455,4.6787608,0.4858657
-2.4836367,1.075363,4.2474028,-1.1605441,-0.3775506,4.6887581,0.4859965
-2.4744447,1.0793404,4.2485466,-1.1642905,-0.3705097,4.6987555,0.4861274
-2.465247,1.0832798,4.2496903,-1.1679615,-0.3632316,4.7087528,0.4862582
-2.4560425,1.0871826,4.2508341,-1.1715557,-0.3557255,4.7187502,0.4863891
-2.4468307,1.0910499,4.2519779,-1.1750712,-0.3480008,4.7287475,0.4865199
-2.4376105,1.0948831,4.2531216,-1.1785067,-0.3400674,4.7387449,0.4866508
-2.4283812,1.0986834,4.2542654,-1.1818605,-0.3319355,4.7487422,0.4867816
-2.4191419,1.1024521,4.2554092,-1.1851313,-0.3236156,4.7587396,0.4869125
-2.4098918,1.1061903,4.2565529,-1.1883177,-0.3151185,4.7687369,0.4870433
-2.4006302,1.1098995,4.2576967,-1.1914185,-0.3064552,4.7787343,0.4871742
-2.391356,1.1135807,4.2588404,-1.1944325,-0.2976369,4.7887316,0.487305
-2.3820686,1.1172353,4.2599842,-1.1973585,-0.2886749,4.798729,0.4874359
-2.3727671,1.1208646,4.261128,-1.2001954,-0.2795808,4.8087263,0.4740632
-2.3634786,1.1244589,4.2622401,-1.2029504,-0.2744437,4.8187237,0.470799
-2.3541821,1.1280272,4.2633442,-1.2056627,-0.2703137,4.828721,0.470921
-2.3448707,1.1315724,4.2644484,-1.2083353,-0.2661801,4.8387184,0.4710429
-2.3355445,1.135095,4.2655525,-1.2109683,-0.2620436,4.8487157,0.4711648
-2.3262035,1.1385953,4.2666566,-1.2135617,-0.2579051,4.8587131,0.4712868
-2.3168477,1.1420737,4.2677608,-1.2161153,-0.2537654,4.8687104,0.4714087
-2.3074772,1.1455305,4.2688649,-1.2186292,-0.2496252,4.8787078,0.4715307
-2.298092,1.1489662,4.2699691,-1.2211033,-0.2454852,4.8887051,0.4716526
-2.2886922,1.1523812,4.2710732,-1.2235377,-0.2413463,4.8987025,0.4717746
-2.2792779,1.1557757,4.2721774,-1.2259323,-0.237209,4.9086998,0.4718965
-2.2698491,1.1591501,4.2732815,-1.2282871,-0.2330742,4.9186972,0.4720185
-2.2604058,1.1625049,4.2743857,-1.2306021,-0.2289424,4.9286946,0.4721404
-2.2509481,1.1658403,4.2754898,-1.2328774,-0.2248143,4.9386919,0.4722624
-2.2414761,1.1691569,4.276594,-1.2351129,-0.2206905,4.9486893,0.4723843
-2.2319897,1.1724548,4.2776981,-1.2373087,-0.2165717,4.9586866,0.627073
-2.2225555,1.1757117,4.2791634,-1.2394531,-0.213483,4.968684,0.7045655
-2.2131405,1.1789396,4.2808091,-1.2415651,-0.2109219,4.9786813,0.7048364
-2.2037118,1.18215,4.2824549,-1.2436533,-0.2083784,4.9886787,0.7051073
-2.1942698,1.1853432,4.2841006,-1.2457176,-0.2058521,4.998676,0.7053782
-2.1848145,1.1885192,4.2857464,-1.2477584,-0.203343,5.0086734,0.7056492
-2.1753462,1.1916782,4.2873921,-1.2497756,-0.2008508,5.0186707,0.7059201
-2.165865,1.1948204,4.2890379,-1.2517693,-0.1983754,5.0286681,0.706191
-2.1563712,1.1979459,4.2906836,-1.2537398,-0.1959164,5.0386654,0.7064619
-2.1468649,1.2010549,4.2923294,-1.2556871,-0.1934739,5.0486628,0.7067329
-2.1373463,1.2041475,4.2939751,-1.2576113,-0.1910475,5.0586601,0.7070038
-2.1278157,1.2072239,4.2956209,-1.2595125,-0.1886371,5.0686575,0.7072747
-2.1182732,1.2102843,4.2972666,-1.2613909,-0.1862424,5.0786548,0.7075456
-2.108719,1.2133287,4.2989124,-1.2632465,-0.1838632,5.0886522,0.7078165
-2.0991533,1.2163573,4.3005581,-1.2650795,-0.1814995,5.0986495,0.7080875
-2.0895763,1.2193704,4.3022039,-1.2668899,-0.1791508,5.1086469,0.8286943
-2.0800174,1.2223589,4.3041292,-1.2686732,-0.177242,5.1186442,1.030525
-2.0704967,1.225317,4.3065221,-1.2704344,-0.1760663,5.1286416,1.0310978
-2.0609656,1.2282599,4.3089151,-1.2721849,-0.1749156,5.1386389,1.0316706
-2.0514246,1.2311877,4.3113081,-1.2739249,-0.1737898,5.1486363,1.0322434
-2.0418739,1.2341003,4.313701,-1.2756547,-0.1726884,5.1586336,1.0328161
-2.0323139,1.2369977,4.316094,-1.2773743,-0.1716112,5.168631,1.0333889
-2.022745,1.23988,4.318487,-1.2790841,-0.1705577,5.1786284,1.0339617
-2.0131675,1.242747,4.32088,-1.280784,-0.1695277,5.1886257,1.0345345
-2.0035818,1.2455988,4.3232729,-1.2824744,-0.1685209,5.1986231,1.0351073
-1.9939881,1.2484354,4.3256659,-1.2841554,-0.167537,5.2086204,1.0356801
-1.9843869,1.2512567,4.3280589,-1.2858271,-0.1665757,5.2186178,1.0362528
-1.9747785,1.2540627,4.3304518,-1.2874898,-0.1656368,5.2286151,1.0368256
-1.9651633,1.2568535,4.3328448,-1.2891436,-0.1647199,5.2386125,1.0373984
-1.9555415,1.2596289,4.3352378,-1.2907886,-0.1638247,5.2486098,1.0379712
-1.9459136,1.262389,4.3376308,-1.292425,-0.1629512,5.2586072,1.038544
-1.9362799,1.2651337,4.3400237,-1.294053,-0.162099,5.2686045,1.3377139
-1.9266528,1.2678597,4.3431041,-1.2956735,-0.161847,5.2786019,1.3524641
-1.9170212,1.2705701,4.3462162,-1.2972919,-0.161647,5.2885992,1.3534329
-1.907385,1.273265,4.3493283,-1.2989084,-0.1614724,5.2985966,1.3544017
-1.8977445,1.2759443,4.3524404,-1.3005233,-0.161323,5.3085939,1.3553704
-1.8881001,1.2786079,4.3555525,-1.3021368,-0.1611989,5.3185913,1.3563392
-1.8784524,1.2812557,4.3586646,-1.303749,-0.1610999,5.3285886,1.357308
-1.8688015,1.2838877,4.3617767,-1.3053601,-0.1610262,5.338586,1.3582768
-1.859148,1.2865036,4.3648889,-1.3069704,-0.1609775,5.3485833,1.3592456
-1.8494923,1.2891035,4.368001,-1.30858,-0.1609541,5.3585807,1.3602143
-1.8398347,1.2916873,4.3711131,-1.310189,-0.1609558,5.368578,1.3611831
-1.8301757,1.2942547,4.3742252,-1.3117978,-0.1609827,5.3785754,1.3621519
-1.8205156,1.2968058,4.3773373,-1.3134065,-0.1610349,5.3885727,1.3631207
-1.8108549,1.2993405,4.3804494,-1.3150152,-0.1611125,5.3985701,1.3640895
-1.8011939,1.3018587,4.3835615,-1.3166242,-0.1612154,5.4085674,1.3650582
-1.791533,1.3043602,4.3866736,-1.3182337,-0.1613438,5.4185648,0.9531202
-1.7818357,1.3068544,4.3888453,-1.3198508,-0.1618308,5.4285622,0.5683014
-1.7721047,1.3093405,4.3901396,-1.3214803,-0.1626531,5.4385595,0.568469
-1.762375,1.3118094,4.391434,-1.3231172,-0.1635,5.4485569,0.5686366
-1.7526469,1.3142608,4.3927283,-1.3247619,-0.1643719,5.4585542,0.5688042
-1.7429208,1.3166947,4.3940226,-1.3264143,-0.1652691,5.4685516,0.5689718
-1.733197,1.3191109,4.395317,-1.3280749,-0.1661919,5.4785489,0.5691393
-1.7234758,1.3215093,4.3966113,-1.3297436,-0.1671407,5.4885463,0.5693069
-1.7137577,1.3238897,4.3979057,-1.3314208,-0.1681158,5.4985436,0.5694745
-1.7040428,1.326252,4.3992,-1.3331066,-0.1691175,5.508541,0.5696421
-1.6943316,1.3285961,4.4004944,-1.3348012,-0.1701464,5.5185383,0.5698096
-1.6846244,1.3309217,4.4017887,-1.3365048,-0.1712027,5.5285357,0.5699772
-1.6749216,1.3332287,4.4030831,-1.3382177,-0.1722869,5.538533,0.5701448
-1.6652235,1.335517,4.4043774,-1.3399399,-0.1733994,5.5485304,0.5703124
-1.6555305,1.3377865,4.4056717,-1.3416718,-0.1745406,5.5585277,0.5704799
-1.6458428,1.340037,4.4069661,-1.3434135,-0.1757111,5.5685251,0.0974399
-1.6361308,1.3422752,4.4071871,-1.3451708,-0.1769751,5.5785224,-1.8859725
-1.6262991,1.3445227,4.4029069,-1.3469635,-0.1785423,5.5885198,-1.8841399
-1.6164741,1.34675,4.3986266,-1.3487702,-0.1801485,5.5985171,-1.8823074
-1.6066563,1.348957,4.3943464,-1.3505913,-0.1817944,5.6085145,-1.8804748
-1.596846,1.3511434,4.3900661,-1.3524269,-0.1834808,5.6185118,-1.8786423
-1.5870437,1.3533091,4.3857858,-1.3542775,-0.1852086,5.6285092,-1.8768097
-1.5772499,1.3554539,4.3815056,-1.3561432,-0.1869787,5.6385065,-1.8749772
-1.5674648,1.3575775,4.3772253,-1.3580244,-0.1887919,5.6485039,-1.8731446
-1.557689,1.3596798,4.3729451,-1.3599215,-0.1906493,5.6585013,-1.8713121
-1.547923,1.3617605,4.3686648,-1.3618346,-0.1925516,5.6684986,-1.8694796
-1.538167,1.3638195,4.3643846,-1.3637642,-0.1945,5.678496,-1.867647
-1.5284216,1.3658566,4.3601043,-1.3657105,-0.1964954,5.6884933,-1.8658145
-1.5186872,1.3678715,4.355824,-1.367674,-0.198539,5.6984907,-1.8639819
-1.5089641,1.3698641,4.3515438,-1.3696548,-0.2006317,5.708488,-1.8621494
-1.4992529,1.3718341,4.3472635,-1.3716535,-0.2027748,5.7184854,-1.8838671
-1.4895291,1.3737863,4.3429291,-1.3736755,-0.2051582,5.7284827,-2.0710663
-1.4796185,1.3757549,4.3381589,-1.3757683,-0.209086,5.7384801,-2.0687903
-1.4697207,1.3776992,4.3333887,-1.3778972,-0.2130179,5.7484774,-2.0665142
-1.4598354,1.379619,4.3286185,-1.3800621,-0.2169529,5.7584748,-2.0642381
-1.4499622,1.3815141,4.3238483,-1.382263,-0.2208895,5.7684721,-2.0619621
-1.4401008,1.3833842,4.3190782,-1.3844998,-0.2248265,5.7784695,-2.059686
-1.4302509,1.3852292,4.314308,-1.3867726,-0.2287625,5.7884668,-2.0574099
-1.420412,1.3870488,4.3095378,-1.3890812,-0.2326961,5.7984642,-2.0551339
-1.4105839,1.3888427,4.3047676,-1.3914256,-0.2366261,5.8084615,-2.0528578
-1.4007662,1.3906109,4.2999974,-1.3938057,-0.2405509,5.8184589,-2.0505818
-1.3909585,1.3923529,4.2952273,-1.3962213,-0.2444691,5.8284562,-2.0483057
-1.3811605,1.3940686,4.2904571,-1.3986726,-0.2483792,5.8384536,-2.0460296
-1.3713718,1.3957578,4.2856869,-1.4011592,-0.2522798,5.8484509,-2.0437536
-1.3615921,1.3974203,4.2809167,-1.4036811,-0.2561694,5.8584483,-2.0414775
-1.3518211,1.3990557,4.2761465,-1.4062381,-0.2600464,5.8684456,-2.0838718
-1.3419774,1.4006772,4.2712718,-1.4088533,-0.2646763,5.878443,-2.1573971
-1.3320046,1.4022927,4.2662192,-1.4115575,-0.2706837,5.8884403,-2.1548435
-1.3220411,1.4038787,4.2611666,-1.4143192,-0.2768077,5.8984377,-2.1522899
-1.3120877,1.4054347,4.256114,-1.4171392,-0.2830523,5.9084351,-2.1497364
-1.302145,1.40696,4.2510614,-1.4200183,-0.289422,5.9184324,-2.1471828
-1.2922137,1.408454,4.2460088,-1.4229575,-0.2959211,5.9284298,-2.1446293
-1.2822945,1.4099161,4.2409562,-1.4259577,-0.3025543,5.9384271,-2.1420757
-1.272388,1.4113456,4.2359036,-1.4290197,-0.3093262,5.9484245,-2.1395222
-1.262495,1.412742,4.230851,-1.4321446,-0.3162415,5.9584218,-2.1369686
-1.2526161,1.4141046,4.2257984,-1.4353334,-0.3233053,5.9684192,-2.1344151
-1.2427519,1.4154328,4.2207458,-1.4385871,-0.3305226,5.9784165,-2.1318615
-1.2329032,1.4167259,4.2156932,-1.4419068,-0.3378985,5.9884139,-2.129308
-1.2230707,1.4179834,4.2106406,-1.4452934,-0.3454384,5.9984112,-2.1267544
-1.213255,1.4192047,4.205588,-1.4487483,-0.3531478,6.0084086,-2.1242009
-1.2034567,1.420389,4.2005354,-1.4522725,-0.3610323,6.0184059,-2.1313067
-1.1935536,1.4215501,4.1954598,-1.4559298,-0.3726368,6.0284033,-2.1292073
-1.1836582,1.422673,4.190383,-1.4596968,-0.383771,6.0384006,-2.1266293
-1.1737715,1.4237566,4.1853063,-1.4635661,-0.3941828,6.048398,-2.1240513
-1.1638886,1.4248007,4.1802295,-1.4675321,-0.4038188,6.0583953,-2.1214732
-1.1540041,1.4258049,4.1751528,-1.4715886,-0.4126306,6.0683927,-2.1188952
-1.1441131,1.4267688,4.170076,-1.4757295,-0.4205755,6.07839,-2.1163172
-1.1342105,1.427692,4.1649993,-1.4799481,-0.4276168,6.0883874,-2.1137392
-1.1242912,1.4285742,4.1599225,-1.4842377,-0.4337244,6.0983847,-2.1111611
-1.1143501,1.4294151,4.1548458,-1.4885914,-0.438875,6.1083821,-2.1085831
-1.1043821,1.4302143,4.149769,-1.4930018,-0.443052,6.1183794,-2.1060051
-1.094382,1.4309714,4.1446922,-1.4974619,-0.4462462,6.1283768,-2.103427
-1.0843449,1.4316861,4.1396155,-1.5019642,-0.4484555,6.1383741,-2.100849
-1.0742656,1.432358,4.1345387,-1.5065014,-0.4496845,6.1483715,-2.098271
-1.064139,1.4329868,4.129462,-1.5110661,-0.4499451,6.1583689,-1.9638657
-1.0543189,1.4335521,4.1247048,-1.5155899,-0.4779551,6.1683662,-1.9109874
-1.044588,1.4340665,4.1200704,-1.5204347,-0.5162817,6.1783636,-1.908839
-1.0348106,1.4345339,4.115436,-1.5256736,-0.5539753,6.1883609,-1.9066907
-1.0249877,1.4349501,4.1108015,-1.5313031,-0.5910802,6.1983583,-1.9045423
-1.0151205,1.4353105,4.1061671,-1.5373203,-0.6276351,6.2083556,-1.902394
-1.0052103,1.4356109,4.1015327,-1.5437223,-0.6636722,6.218353,-1.9002457
-0.9952583,1.4358469,4.0968983,-1.5505065,-0.6992182,6.2283503,-1.8980973
-0.9852656,1.4360142,4.0922639,-1.5576703,-0.734294,6.2383477,-1.895949
-0.9752335,1.4361084,4.0876295,-1.5652114,-0.7689149,6.248345,-1.8938006
-0.9651631,1.436125,4.0829951,-1.5731273,-0.8030902,6.2583424,-1.8916523
-0.9550556,1.4360599,4.0783607,-1.5814156,-0.8368239,6.2683397,-1.889504
-0.9449123,1.4359085,4.0737263,-1.5900741,-0.8701142,6.2783371,-1.8873556
-0.9347343,1.4356666,4.0690919,-1.5991004,-0.9029538,6.2883344,-1.8852073
-0.9245227,1.4353298,4.0644575,-1.6084918,-0.93533,6.2983318,-1.8830589
-0.9142789,1.4348937,4.0598231,-1.6182459,-0.9672245,6.3083291,-1.6415741
-0.9048929,1.4344052,4.0557787,-1.6273257,-0.9535745,6.3183265,-1.5662888
-0.8957459,1.4338479,4.051916,-1.6359211,-0.9215504,6.3283238,-1.5647963
-0.8865516,1.4332095,4.0480533,-1.6442491,-0.8850016,6.3383212,-1.5633039
-0.8772968,1.4324908,4.0441906,-1.6522791,-0.8445446,6.3483185,-1.5618115
-0.8679685,1.4316925,4.0403279,-1.6599834,-0.8008427,6.3583159,-1.560319
-0.8585536,1.4308154,4.0364653,-1.6673387,-0.7545848,6.3683132,-1.5588266
-0.8490389,1.42986,4.0326026,-1.6743251,-0.7064638,6.3783106,-1.5573342
-0.8394113,1.4288272,4.0287399,-1.6809271,-0.6571576,6.3883079,-1.5558417
-0.8296579,1.4277176,4.0248772,-1.687133,-0.6073117,6.3983053,-1.5543493
-0.8197653,1.426532,4.0210145,-1.6929349,-0.5575256,6.4083027,-1.5528569
-0.8097207,1.4252711,4.0171518,-1.6983286,-0.5083419,6.4183,-1.5513645
-0.7995109,1.4239356,4.0132891,-1.7033134,-0.4602391,6.4282974,-1.549872
-0.7891227,1.4225262,4.0094265,-1.7078917,-0.4136271,6.4382947,-1.5483796
-0.7785431,1.4210437,4.0055638,-1.7120688,-0.3688459,6.4482921,-1.5468872
-0.767759,1.4194888,4.0017011,-1.7158523,-0.3261666,6.4582894,-1.5453947
-0.7567573,1.4178621,3.9978384,-1.7192522,-0.2857949,6.4682868,-1.5439023
-0.7455248,1.4161644,3.9939757,-1.7222803,-0.247875,6.4782841,-0.9691093
-0.7378191,1.4149788,3.9915492,-1.7249783,-0.4798278,6.4882815,-0.9038086
-0.7304263,1.4138139,3.9892848,-1.7294905,-0.721722,6.4982788,-0.9032958
-0.7229219,1.4125895,3.9870205,-1.7358297,-0.9412955,6.5082762,-0.9027829
-0.7152993,1.4112894,3.9847561,-1.743886,-1.1379966,6.5182735,-0.90227
-0.7075521,1.4098972,3.9824918,-1.7535439,-1.3115834,6.5282709,-0.9017572
-0.6996739,1.4083967,3.9802274,-1.7646835,-1.4620983,6.5382682,-0.9012443
-0.6916583,1.4067714,3.9779631,-1.7771813,-1.5898468,6.5482656,-0.9007315
-0.6834987,1.4050051,3.9756987,-1.7909116,-1.6953785,6.5582629,-0.9002186
-0.6751887,1.4030815,3.9734344,-1.8057476,-1.779469,6.5682603,-0.8997057
-0.6667219,1.4009843,3.9711701,-1.8215625,-1.8430996,6.5782576,-0.8991929
-0.6580919,1.3986972,3.9689057,-1.8382304,-1.8874355,6.588255,-0.89868
-0.6492922,1.3962038,3.9666414,-1.8556275,-1.9137997,6.5982523,-0.8981671
-0.6403164,1.3934878,3.964377,-1.8736336,-1.9236442,6.6082497,-0.8976543
-0.631158,1.390533,3.9621127,-1.8921322,-1.9185183,6.618247,-0.8971414
-0.6218105,1.387323,3.9598483,-1.9110123,-1.9000343,6.6282444,-0.8966285
-0.6122676,1.3838415,3.957584,-1.9301685,-1.8698341,6.6382417,-0.8961157
-0.6025228,1.3800723,3.9553196,-1.9495022,-1.8295547,6.6482391,-0.8956028
-0.5925696,1.3759989,3.9530553,-1.9689218,-1.7807977,6.6582365,-0.89509
-0.5824017,1.3716051,3.9507909,-1.9883432,-1.725101,6.6682338,-0.8945771
-0.5720124,1.3668745,3.9485266,-2.00769,-1.6639155,6.6782312,-0.8940642
-0.5613955,1.361791,3.9462622,-2.0268935,-1.598586,6.6882285,-0.8935514
-0.5505445,1.356338,3.9439979,-2.045893,-1.5303382,6.6982259,-0.8930385
-0.5394529,1.3504995,3.9417335,-2.0646351,-1.46027,6.7082232,-0.8925256
-0.5281143,1.3442589,3.9394692,-2.083074,-1.3893477,6.7182206,-0.8920128
-0.5165222,1.3376001,3.9372048,-2.1011705,-1.318407,6.7282179,-0.8914999
-0.5046702,1.3305067,3.9349405,-2.1188923,-1.2481561,6.7382153,-0.6969138
-0.4948458,1.3244127,3.9331695,-2.1329986,-1.1941015,6.7482126,-0.4298535
-0.4880405,1.3200797,3.9320767,-2.1425079,-1.1640375,6.75821,-0.4297341
-0.4811596,1.3156064,3.930984,-2.1519511,-1.1378631,6.7682073,-0.4296146
-0.4742085,1.3109937,3.9298912,-2.1613464,-1.1151701,6.7782047,-0.4294952
-0.4671925,1.3062426,3.9287984,-2.1707105,-1.0956096,6.788202,-0.4293757
-0.4601167,1.3013539,3.9277057,-2.1800591,-1.0788822,6.7981994,-0.4292563
-0.4529865,1.2963285,3.9266129,-2.1894068,-1.0647301,6.8081967,-0.4291369
-0.4458073,1.2911673,3.9255202,-2.1987671,-1.0529315,6.8181941,-0.4290174
-0.4385842,1.2858712,3.9244274,-2.2081531,-1.0432941,6.8281914,-0.428898
-0.4313225,1.2804411,3.9233347,-2.2175769,-1.0356518,6.8381888,-0.4287785
-0.4240276,1.274878,3.9222419,-2.2270502,-1.0298602,6.8481861,-0.4286591
-0.4167047,1.2691826,3.9211491,-2.236584,-1.0257942,6.8581835,-0.4285396
-0.4093591,1.2633559,3.9200564,-2.2461891,-1.0233446,6.8681808,-0.4284202
-0.4019961,1.2573989,3.9189636,-2.2558757,-1.0224168,6.8781782,-0.4283008
-0.3946209,1.2513123,3.9178709,-2.2656538,-1.0229282,6.8881756,-0.4281813
-0.387239,1.2450971,3.9167781,-2.2755331,-1.0248068,6.8981729,-0.4280619
-0.3798554,1.2387542,3.9156854,-2.285523,-1.0279901,6.9081703,-0.4279424
-0.3724756,1.2322845,3.9145926,-2.2956328,-1.0324235,6.9181676,-0.427823
-0.3651047,1.2256888,3.9134999,-2.3058715,-1.0380595,6.928165,-0.4277035
-0.3577482,1.2189682,3.9124071,-2.3162479,-1.0448566,6.9381623,-0.4275841
-0.3504112,1.2121234,3.9113143,-2.326771,-1.0527787,6.9481597,-0.4274647
-0.343099,1.2051553,3.9102216,-2.3374494,-1.0617943,6.958157,-0.4273452
-0.335817,1.198065,3.9091288,-2.3482916,-1.0718756,6.9681544,-0.4272258
-0.3285705,1.1908532,3.9080361,-2.3593062,-1.0829984,6.9781517,-0.4271063
-0.3213646,1.1835208,3.9069433,-2.3705015,-1.095141,6.9881491,-0.4269869
-0.3142047,1.1760688,3.9058506,-2.3818862,-1.108284,6.9981464,-0.4268674
-0.3070961,1.1684981,3.9047578,-2.3934683,-1.1224099,7.0081438,-0.426748
-0.300044,1.1608095,3.9036651,-2.4052564,-1.1375021,7.0181411,-0.4266286
-0.2930538,1.1530039,3.9025723,-2.4172586,-1.1535452,7.0281385,-0.4265091
-0.2861307,1.1450823,3.9014795,-2.4294831,-1.1705239,7.0381358,-0.4263897
-0.2792799,1.1370455,3.9003868,-2.4419382,-1.1884229,7.0481332,-0.4262702
-0.2725069,1.1288945,3.899294,-2.4546318,-1.2072263,7.0581305,-0.4261508
-0.2658169,1.1206301,3.8982013,-2.4675721,-1.2269171,7.0681279,-0.4260313
-0.2592151,1.1122532,3.8971085,-2.480767,-1.2474769,7.0781252,-0.4259119
-0.2527068,1.1037648,3.8960158,-2.4942243,-1.2688854,7.0881226,-0.4257924
-0.2462973,1.0951656,3.894923,-2.5079518,-1.2911197,7.0981199,-0.425673
-0.239992,1.0864567,3.8938303,-2.521957,-1.314154,7.1081173,-0.4255536
-0.233796,1.0776389,3.8927375,-2.5362474,-1.3379589,7.1181146,-0.4254341
-0.2277148,1.0687131,3.8916447,-2.5508302,-1.3625012,7.128112,-0.4253147
-0.2217534,1.0596802,3.890552,-2.5657123,-1.3877428,7.1381094,-0.4251952
-0.2159173,1.0505411,3.8894592,-2.5809004,-1.4136408,7.1481067,-0.4250758
-0.2102118,1.0412968,3.8883665,-2.5964009,-1.4401464,7.1581041,-0.4249563
-0.204642,1.031948,3.8872737,-2.6122198,-1.4672048,7.1681014,-0.4248369
-0.1992133,1.0224957,3.886181,-2.6283627,-1.4947543,7.1780988,-0.4247175
-0.193931,1.0129408,3.8850882,-2.6448347,-1.522726,7.1880961,-0.424598
-0.1888003,1.0032842,3.8839954,-2.6616405,-1.5510433,7.1980935,-0.4244786
-0.1838266,0.9935267,3.8829027,-2.678784,-1.5796214,7.2080908,-0.4243591
-0.1790151,0.9836694,3.8818099,-2.6962686,-1.608367,7.2180882,-0.3480716
-0.1746297,0.9742805,3.8809134,-2.7129544,-1.5994613,7.2280855,-0.310665
-0.1705171,0.9650866,3.880113,-2.7289283,-1.5725933,7.2380829,-0.3106009
-0.1665449,0.9558154,3.8793127,-2.7446573,-1.5463867,7.2480802,-0.3105369
-0.1627126,0.9464701,3.8785123,-2.7601474,-1.5208786,7.2580776,-0.3104728
-0.1590192,0.937054,3.8777119,-2.7754045,-1.496101,7.2680749,-0.3104087
-0.1554642,0.9275704,3.8769116,-2.790435,-1.4720818,7.2780723,-0.3103446
-0.1520465,0.9180224,3.8761112,-2.8052452,-1.4488449,7.2880696,-0.3102806
-0.1487656,0.9084135,3.8753108,-2.8198418,-1.4264104,7.298067,-0.3102165
-0.1456207,0.8987467,3.8745105,-2.8342316,-1.4047954,7.3080643,-0.3101524
-0.1426108,0.8890253,3.8737101,-2.8484212,-1.3840142,7.3180617,-0.3100883
-0.1397354,0.8792527,3.8729097,-2.8624178,-1.3640785,7.328059,-0.3100243
-0.1369936,0.8694321,3.8721094,-2.8762284,-1.3449978,7.3380564,-0.3099602
-0.1343847,0.8595666,3.871309,-2.8898599,-1.3267801,7.3480537,-0.3098961
-0.1319079,0.8496596,3.8705087,-2.9033196,-1.3094315,7.3580511,-0.309832
-0.1295623,0.8397144,3.8697083,-2.9166147,-1.292957,7.3680484,-0.309768
-0.1273474,0.8297341,3.8689079,-2.9297524,-1.2773608,7.3780458,-0.3097039
-0.1252622,0.819722,3.8681076,-2.94274,-1.2626461,7.3880432,-0.3096398
-0.1233059,0.8096814,3.8673072,-2.9555847,-1.2488158,7.3980405,-0.3095757
-0.121478,0.7996155,3.8665068,-2.9682938,-1.2358722,7.4080379,-0.3095117
-0.1197775,0.7895276,3.8657065,-2.9808748,-1.223818,7.4180352,-0.3094476
-0.1182037,0.7794209,3.8649061,-2.9933348,-1.2126555,7.4280326,-0.3093835
-0.1167558,0.7692987,3.8641057,-3.0056813,-1.2023877,7.4380299,-0.3093194
-0.1154331,0.7591642,3.8633054,-3.0179216,-1.1930178,7.4480273,-0.3092553
-0.1142348,0.7490207,3.862505,-3.0300632,-1.1845498,7.4580246,-0.3091913
-0.11316,0.7388715,3.8617046,-3.0421134,-1.1769883,7.468022,-0.3091272
-0.1122082,0.7287197,3.8609043,-3.0540797,-1.1703389,7.4780193,-0.3090631
-0.1113784,0.7185687,3.8601039,-3.0659696,-1.1646085,7.4880167,-0.308999
-0.1106699,0.7084217,3.8593035,-3.0777905,-1.1598048,7.498014,-0.308935
-0.110082,0.6982819,3.8585032,-3.0895501,-1.1559372,7.5080114,-0.3088709
-0.1096138,0.6881526,3.8577028,-3.1012559,-1.1530166,7.5180087,-0.3088068
-0.1092646,0.6780371,3.8569024,-3.1129155,-1.1510552,7.5280061,-0.3087427
-0.1090337,0.6679386,3.8561021,-3.1245368,-1.1500675,7.5380034,-0.3086787
-0.1089202,0.6578603,3.8553017,-3.1361274,-1.1500694,7.5480008,-0.3086146
-0.1089234,0.6478055,3.8545013,3.1354899,-1.1510794,7.5579981,-0.3085505
-0.1090425,0.6377775,3.853701,3.1239366,-1.1531178,7.5679955,-0.3084864
-0.1092767,0.6277795,3.8529006,3.11239,-1.1562076,7.5779928,-0.3084224
-0.1096254,0.6178148,3.8521003,3.1008417,-1.1603742,7.5879902,-0.3083583
-0.1100876,0.6078866,3.8512999,3.0892834,-1.165646,7.5979875,-0.3082942
-0.1106627,0.5979981,3.8504995,3.0777067,-1.172054,7.6079849,-0.3082301
-0.1113499,0.5881526,3.8496992,3.0661028,-1.1796325,7.6179822,-0.3081661
-0.1121483,0.5783535,3.8488988,3.0544628,-1.1884192,7.6279796,-0.308102
-0.1130573,0.5686038,3.8480984,3.0427777,-1.1984554,7.637977,-0.3080379
-0.1140761,0.5589069,3.8472981,3.0310383,-1.2097861,7.6479743,-0.3079738
-0.1152038,0.5492661,3.8464977,3.019235,-1.2224603,7.6579717,-0.3079098
-0.1164398,0.5396845,3.8456973,3.007358,-1.2365317,7.667969,-0.3078457
-0.1177832,0.5301655,3.844897,2.9953973,-1.2520581,7.6779664,-0.3077816
-0.1192333,0.5207122,3.8440966,2.9833426,-1.2691027,7.6879637,-0.3077175
-0.1207893,0.511328,3.8432962,2.9711831,-1.2877337,7.6979611,-0.3076535
-0.1224504,0.5020161,3.8424959,2.9589079,-1.308025,7.7079584,-0.3075894
-0.1242159,0.4927797,3.8416955,2.9465056,-1.3300563,7.7179558,-0.3075253
-0.126085,0.4836221,3.8408951,2.9339643,-1.353914,7.7279531,-0.3074612
-0.128057,0.4745465,3.8400948,2.921272,-1.3796908,7.7379505,-0.1499297
-0.1304806,0.4640903,3.8397044,2.906361,-1.3895802,7.7479478,0
-0.1333925,0.4523744,3.8397044,2.8896289,-1.3821658,7.7579452,0
-0.1364716,0.4408101,3.8397044,2.8731372,-1.3737913,7.7679425,0
-0.1397111,0.4293977,3.8397044,2.8568935,-1.364513,7.7779399,0
-0.1431045,0.4181374,3.8397044,2.8409045,-1.3543874,7.7879372,0
-0.1466451,0.4070293,3.8397044,2.8251768,-1.3434705,7.7979346,0
-0.1503263,0.3960737,3.8397044,2.8097161,-1.3318174,7.8079319,0
-0.1541414,0.3852708,3.8397044,2.7945275,-1.3194815,7.8179293,0
-0.1580838,0.3746207,3.8397044,2.7796158,-1.3065143,7.8279266,0
-0.1621468,0.3641237,3.8397044,2.7649853,-1.2929645,7.837924,0
-0.1663238,0.3537799,3.8397044,2.7506396,-1.2788782,7.8479213,0
-0.1706082,0.3435895,3.8397044,2.7365824,-1.2642977,7.8579187,0
-0.1749932,0.3335528,3.8397044,2.7228164,-1.2492615,7.867916,0
-0.1794724,0.3236698,3.8397044,2.7093445,-1.2338039,7.8779134,0
-0.1840389,0.3139409,3.8397044,2.696169,-1.2179546,7.8879108,0
-0.1886862,0.3043662,3.8397044,2.6832921,-1.2017379,7.8979081,0
-0.1934076,0.2949459,3.8397044,2.6707158,-1.1851731,7.9079055,0
-0.1981965,0.2856802,3.8397044,2.6584419,-1.1682733,7.9179028,0
-0.2030462,0.2765692,3.8397044,2.6464722,-1.1510452,7.9279002,0
-0.2079501,0.2676133,3.8397044,2.6348084,-1.1334885,7.9378975,0
-0.2129016,0.2588125,3.8397044,2.6234522,-1.1155955,7.9478949,0
-0.217894,0.2501671,3.8397044,2.6124054,-1.0973502,7.9578922,0
-0.2229206,0.2416772,3.8397044,2.6016698,-1.0787273,7.9678896,0
-0.2279748,0.2333431,3.8397044,2.5912477,-1.0596917,7.9778869,0
-0.23305,0.2251649,3.8397044,2.5811414,-1.0401967,7.9878843,0
-0.2381395,0.2171429,3.8397044,2.5713536,-1.020183,7.9978816,0
-0.2432367,0.2092772,3.8397044,2.5618874,-0.999577,8.007879,0
-0.248335,0.201568,3.8397044,2.5527463,-0.9782884,8.0178763,0
-0.2534276,0.1940155,3.8397044,2.5439347,-0.9562079,8.0278737,0
-0.258508,0.18662,3.8397044,2.5354574,-0.9332041,8.037871,0
-0.2635694,0.1793816,3.8397044,2.52732,-0.9091198,8.0478684,0
-0.2686054,0.1723004,3.8397044,2.5195293,-0.8837671,8.0578657,0
-0.2736091,0.1653768,3.8397044,2.5120929,-0.8569221,8.0678631,0
-0.278574,0.1586108,3.8397044,2.5050198,-0.8283174,8.0778604,0
-0.2834934,0.1520027,3.8397044,2.4983204,-0.7976339,8.0878578,0
-0.2883607,0.1455527,3.8397044,2.4920068,-0.7644892,8.0978551,0
-0.2931693,0.139261,3.8397044,2.4860931,-0.7284244,8.1078525,0
-0.2979124,0.1331277,3.8397044,2.4805957,-0.6888866,8.1178499,0
-0.3025835,0.1271531,3.8397044,2.4755334,-0.6452067,8.1278472,-12.1668819
